State,RegionCode,RegionLabel,Desc, Area 
NSW AND ACT,9991,New South Wales and Australian Capital Territory,TotalArea,"55,438,874"
NSW AND ACT,9991,New South Wales and Australian Capital Territory,LandUseNotAgri,"2,224,872"
NSW AND ACT,9991,New South Wales and Australian Capital Territory,LandUseAgri,"51,657,430"
NSW AND ACT,9991,New South Wales and Australian Capital Territory,LandUseCrops,"8,742,205"
NSW AND ACT,9991,New South Wales and Australian Capital Territory,LandUseGraze,"42,573,891"
NSW AND ACT,9991,New South Wales and Australian Capital Territory,LandUseForest,"319,674"
NSW AND ACT,9991,New South Wales and Australian Capital Territory,LandUseOther,"21,660"
NSW AND ACT,9991,New South Wales and Australian Capital Territory,CropStubTotal,"5,596,789"
NSW AND ACT,9991,New South Wales and Australian Capital Territory,CropStubCoolBurn,"823,944"
NSW AND ACT,9991,New South Wales and Australian Capital Territory,CropStubHotBurn,"419,705"
NSW AND ACT,9991,New South Wales and Australian Capital Territory,CropStubWindrowLeft,"26,126"
NSW AND ACT,9991,New South Wales and Australian Capital Territory,CropStubWindrowRemove,"105,900"
NSW AND ACT,9991,New South Wales and Australian Capital Territory,CropStubSoil,"788,674"
NSW AND ACT,9991,New South Wales and Australian Capital Territory,CropStubRetainGround,"1,010,844"
NSW AND ACT,9991,New South Wales and Australian Capital Territory,CropStubRetainStand,"1,719,666"
NSW AND ACT,9991,New South Wales and Australian Capital Territory,CropStubGraze,"579,824"
NSW AND ACT,9991,New South Wales and Australian Capital Territory,CropStubOther,"122,106"
NSW AND ACT,9991,New South Wales and Australian Capital Territory,SoilManTotal,"1,242,552"
NSW AND ACT,9991,New South Wales and Australian Capital Territory,SoilManCompost,"54,263"
NSW AND ACT,9991,New South Wales and Australian Capital Territory,SoilManGreen,"12,743"
NSW AND ACT,9991,New South Wales and Australian Capital Territory,SoilManMulch,"3,705"
NSW AND ACT,9991,New South Wales and Australian Capital Territory,SoilManLime,"438,983"
NSW AND ACT,9991,New South Wales and Australian Capital Territory,SoilManDolo,"13,589"
NSW AND ACT,9991,New South Wales and Australian Capital Territory,SoilManGyp,"405,114"
NSW AND ACT,9991,New South Wales and Australian Capital Territory,SoilManBio,"1,388"
NSW AND ACT,9991,New South Wales and Australian Capital Territory,SoilMa0ou,"139,880"
NSW AND ACT,9991,New South Wales and Australian Capital Territory,SoilManOther,"172,887"
NSW AND ACT,101,Central Tablelands,TotalArea,"1,669,441"
NSW AND ACT,101,Central Tablelands,LandUseNotAgri,"68,638"
NSW AND ACT,101,Central Tablelands,LandUseAgri,"1,549,398"
NSW AND ACT,101,Central Tablelands,LandUseCrops,"156,239"
NSW AND ACT,101,Central Tablelands,LandUseGraze,"1,372,808"
NSW AND ACT,101,Central Tablelands,LandUseForest,"20,145"
NSW AND ACT,101,Central Tablelands,LandUseOther,206
NSW AND ACT,101,Central Tablelands,CropStubTotal,"117,680"
NSW AND ACT,101,Central Tablelands,CropStubCoolBurn,"24,325"
NSW AND ACT,101,Central Tablelands,CropStubHotBurn,"7,509"
NSW AND ACT,101,Central Tablelands,CropStubWindrowRemove,"7,612"
NSW AND ACT,101,Central Tablelands,CropStubSoil,"15,958"
NSW AND ACT,101,Central Tablelands,CropStubRetainGround,"19,875"
NSW AND ACT,101,Central Tablelands,CropStubRetainStand,"4,012"
NSW AND ACT,101,Central Tablelands,CropStubGraze,"37,425"
NSW AND ACT,101,Central Tablelands,CropStubOther,964
NSW AND ACT,101,Central Tablelands,SoilManTotal,"65,967"
NSW AND ACT,101,Central Tablelands,SoilManCompost,"6,124"
NSW AND ACT,101,Central Tablelands,SoilManGreen,98
NSW AND ACT,101,Central Tablelands,SoilManMulch,105
NSW AND ACT,101,Central Tablelands,SoilManLime,0
NSW AND ACT,101,Central Tablelands,SoilManDolo,0
NSW AND ACT,101,Central Tablelands,SoilManGyp,"4,217"
NSW AND ACT,101,Central Tablelands,SoilManBio,0
NSW AND ACT,101,Central Tablelands,SoilMa0ou,"3,627"
NSW AND ACT,101,Central Tablelands,SoilManOther,"8,469"
NSW AND ACT,102,Central West,TotalArea,"7,298,851"
NSW AND ACT,102,Central West,LandUseNotAgri,"324,965"
NSW AND ACT,102,Central West,LandUseAgri,"6,743,163"
NSW AND ACT,102,Central West,LandUseCrops,"2,237,170"
NSW AND ACT,102,Central West,LandUseGraze,"4,489,691"
NSW AND ACT,102,Central West,LandUseForest,"13,258"
NSW AND ACT,102,Central West,LandUseOther,"3,045"
NSW AND ACT,102,Central West,CropStubTotal,"1,421,761"
NSW AND ACT,102,Central West,CropStubCoolBurn,"199,555"
NSW AND ACT,102,Central West,CropStubHotBurn,"97,720"
NSW AND ACT,102,Central West,CropStubWindrowLeft,"10,660"
NSW AND ACT,102,Central West,CropStubWindrowRemove,"24,976"
NSW AND ACT,102,Central West,CropStubSoil,"222,208"
NSW AND ACT,102,Central West,CropStubRetainGround,"196,924"
NSW AND ACT,102,Central West,CropStubRetainStand,"491,767"
NSW AND ACT,102,Central West,CropStubGraze,"158,498"
NSW AND ACT,102,Central West,CropStubOther,"19,452"
NSW AND ACT,102,Central West,SoilManTotal,"198,025"
NSW AND ACT,102,Central West,SoilManCompost,"8,704"
NSW AND ACT,102,Central West,SoilManGreen,0
NSW AND ACT,102,Central West,SoilManMulch,0
NSW AND ACT,102,Central West,SoilManLime,"62,292"
NSW AND ACT,102,Central West,SoilManDolo,"2,809"
NSW AND ACT,102,Central West,SoilManGyp,"50,467"
NSW AND ACT,102,Central West,SoilMa0ou,"17,950"
NSW AND ACT,102,Central West,SoilManOther,"52,860"
NSW AND ACT,103,Greater Sydney,TotalArea,"70,878"
NSW AND ACT,103,Greater Sydney,LandUseNotAgri,"9,711"
NSW AND ACT,103,Greater Sydney,LandUseAgri,"61,726"
NSW AND ACT,103,Greater Sydney,LandUseCrops,"13,612"
NSW AND ACT,103,Greater Sydney,LandUseGraze,"46,547"
NSW AND ACT,103,Greater Sydney,LandUseForest,169
NSW AND ACT,103,Greater Sydney,LandUseOther,"1,398"
NSW AND ACT,103,Greater Sydney,CropStubTotal,94
NSW AND ACT,103,Greater Sydney,CropStubRetainGround,47
NSW AND ACT,103,Greater Sydney,CropStubGraze,47
NSW AND ACT,103,Greater Sydney,SoilManTotal,"5,366"
NSW AND ACT,103,Greater Sydney,SoilManCompost,503
NSW AND ACT,103,Greater Sydney,SoilManGreen,291
NSW AND ACT,103,Greater Sydney,SoilManMulch,88
NSW AND ACT,103,Greater Sydney,SoilManLime,893
NSW AND ACT,103,Greater Sydney,SoilManDolo,326
NSW AND ACT,103,Greater Sydney,SoilManGyp,227
NSW AND ACT,103,Greater Sydney,SoilMa0ou,"2,983"
NSW AND ACT,103,Greater Sydney,SoilManOther,54
NSW AND ACT,104,Hunter,TotalArea,"1,177,500"
NSW AND ACT,104,Hunter,LandUseNotAgri,"94,779"
NSW AND ACT,104,Hunter,LandUseAgri,"1,066,521"
NSW AND ACT,104,Hunter,LandUseCrops,"35,726"
NSW AND ACT,104,Hunter,LandUseGraze,"1,024,637"
NSW AND ACT,104,Hunter,LandUseForest,"4,228"
NSW AND ACT,104,Hunter,LandUseOther,"1,929"
NSW AND ACT,104,Hunter,CropStubTotal,"15,360"
NSW AND ACT,104,Hunter,CropStubCoolBurn,"1,297"
NSW AND ACT,104,Hunter,CropStubHotBurn,546
NSW AND ACT,104,Hunter,CropStubWindrowRemove,948
NSW AND ACT,104,Hunter,CropStubSoil,"1,848"
NSW AND ACT,104,Hunter,CropStubRetainGround,"4,994"
NSW AND ACT,104,Hunter,CropStubRetainStand,"1,101"
NSW AND ACT,104,Hunter,CropStubGraze,"4,627"
NSW AND ACT,104,Hunter,SoilManTotal,"29,662"
NSW AND ACT,104,Hunter,SoilManCompost,"1,188"
NSW AND ACT,104,Hunter,SoilManGreen,0
NSW AND ACT,104,Hunter,SoilManMulch,655
NSW AND ACT,104,Hunter,SoilManLime,"6,726"
NSW AND ACT,104,Hunter,SoilManDolo,"1,624"
NSW AND ACT,104,Hunter,SoilManGyp,875
NSW AND ACT,104,Hunter,SoilManBio,0
NSW AND ACT,104,Hunter,SoilMa0ou,"12,025"
NSW AND ACT,104,Hunter,SoilManOther,"5,769"
NSW AND ACT,105,Murray,TotalArea,"3,248,241"
NSW AND ACT,105,Murray,LandUseNotAgri,"128,192"
NSW AND ACT,105,Murray,LandUseAgri,"3,022,187"
NSW AND ACT,105,Murray,LandUseCrops,"1,037,179"
NSW AND ACT,105,Murray,LandUseGraze,"1,949,351"
NSW AND ACT,105,Murray,LandUseForest,"31,293"
NSW AND ACT,105,Murray,LandUseOther,"4,364"
NSW AND ACT,105,Murray,CropStubTotal,"738,729"
NSW AND ACT,105,Murray,CropStubCoolBurn,"159,303"
NSW AND ACT,105,Murray,CropStubHotBurn,"105,647"
NSW AND ACT,105,Murray,CropStubWindrowLeft,"4,511"
NSW AND ACT,105,Murray,CropStubWindrowRemove,"12,096"
NSW AND ACT,105,Murray,CropStubSoil,"75,614"
NSW AND ACT,105,Murray,CropStubRetainGround,"149,091"
NSW AND ACT,105,Murray,CropStubRetainStand,"129,414"
NSW AND ACT,105,Murray,CropStubGraze,"83,877"
NSW AND ACT,105,Murray,CropStubOther,"19,176"
NSW AND ACT,105,Murray,SoilManTotal,"253,817"
NSW AND ACT,105,Murray,SoilManCompost,"5,897"
NSW AND ACT,105,Murray,SoilManGreen,"1,237"
NSW AND ACT,105,Murray,SoilManMulch,0
NSW AND ACT,105,Murray,SoilManLime,"97,965"
NSW AND ACT,105,Murray,SoilManDolo,900
NSW AND ACT,105,Murray,SoilManGyp,"112,202"
NSW AND ACT,105,Murray,SoilManBio,0
NSW AND ACT,105,Murray,SoilMa0ou,"18,301"
NSW AND ACT,105,Murray,SoilManOther,"16,479"
NSW AND ACT,106,North Coast,TotalArea,"731,743"
NSW AND ACT,106,North Coast,LandUseNotAgri,"63,917"
NSW AND ACT,106,North Coast,LandUseAgri,"645,813"
NSW AND ACT,106,North Coast,LandUseCrops,"64,033"
NSW AND ACT,106,North Coast,LandUseGraze,"497,788"
NSW AND ACT,106,North Coast,LandUseForest,"80,046"
NSW AND ACT,106,North Coast,LandUseOther,"3,946"
NSW AND ACT,106,North Coast,CropStubTotal,"18,478"
NSW AND ACT,106,North Coast,CropStubCoolBurn,"4,211"
NSW AND ACT,106,North Coast,CropStubHotBurn,543
NSW AND ACT,106,North Coast,CropStubWindrowLeft,804
NSW AND ACT,106,North Coast,CropStubWindrowRemove,245
NSW AND ACT,106,North Coast,CropStubSoil,"4,547"
NSW AND ACT,106,North Coast,CropStubRetainGround,"4,738"
NSW AND ACT,106,North Coast,CropStubRetainStand,207
NSW AND ACT,106,North Coast,CropStubGraze,371
NSW AND ACT,106,North Coast,CropStubOther,"2,812"
NSW AND ACT,106,North Coast,SoilManTotal,"54,510"
NSW AND ACT,106,North Coast,SoilManCompost,"4,066"
NSW AND ACT,106,North Coast,SoilManGreen,880
NSW AND ACT,106,North Coast,SoilManMulch,"1,994"
NSW AND ACT,106,North Coast,SoilManLime,"19,477"
NSW AND ACT,106,North Coast,SoilManDolo,"1,353"
NSW AND ACT,106,North Coast,SoilManGyp,"1,131"
NSW AND ACT,106,North Coast,SoilManBio,85
NSW AND ACT,106,North Coast,SoilMa0ou,"10,687"
NSW AND ACT,106,North Coast,SoilManOther,"14,836"
NSW AND ACT,108,North West NSW,TotalArea,"6,229,510"
NSW AND ACT,108,North West NSW,LandUseNotAgri,"260,146"
NSW AND ACT,108,North West NSW,LandUseAgri,"5,763,825"
NSW AND ACT,108,North West NSW,LandUseCrops,"2,504,479"
NSW AND ACT,108,North West NSW,LandUseGraze,"3,219,516"
NSW AND ACT,108,North West NSW,LandUseForest,"37,735"
NSW AND ACT,108,North West NSW,LandUseOther,"2,095"
NSW AND ACT,108,North West NSW,CropStubTotal,"1,569,140"
NSW AND ACT,108,North West NSW,CropStubCoolBurn,"82,846"
NSW AND ACT,108,North West NSW,CropStubHotBurn,"20,484"
NSW AND ACT,108,North West NSW,CropStubWindrowRemove,"10,731"
NSW AND ACT,108,North West NSW,CropStubSoil,"280,074"
NSW AND ACT,108,North West NSW,CropStubRetainGround,"332,051"
NSW AND ACT,108,North West NSW,CropStubRetainStand,"729,327"
NSW AND ACT,108,North West NSW,CropStubGraze,"81,125"
NSW AND ACT,108,North West NSW,CropStubOther,"32,501"
NSW AND ACT,108,North West NSW,SoilManTotal,"117,698"
NSW AND ACT,108,North West NSW,SoilManCompost,"9,768"
NSW AND ACT,108,North West NSW,SoilManGreen,0
NSW AND ACT,108,North West NSW,SoilManMulch,0
NSW AND ACT,108,North West NSW,SoilManLime,0
NSW AND ACT,108,North West NSW,SoilManDolo,0
NSW AND ACT,108,North West NSW,SoilManGyp,"42,759"
NSW AND ACT,108,North West NSW,SoilMa0ou,"23,849"
NSW AND ACT,108,North West NSW,SoilManOther,"22,114"
NSW AND ACT,109,Northern Tablelands,TotalArea,"1,795,059"
NSW AND ACT,109,Northern Tablelands,LandUseNotAgri,"110,604"
NSW AND ACT,109,Northern Tablelands,LandUseAgri,"1,627,359"
NSW AND ACT,109,Northern Tablelands,LandUseCrops,"106,914"
NSW AND ACT,109,Northern Tablelands,LandUseGraze,"1,481,987"
NSW AND ACT,109,Northern Tablelands,LandUseForest,"38,135"
NSW AND ACT,109,Northern Tablelands,LandUseOther,323
NSW AND ACT,109,Northern Tablelands,CropStubTotal,"70,113"
NSW AND ACT,109,Northern Tablelands,CropStubCoolBurn,"3,110"
NSW AND ACT,109,Northern Tablelands,CropStubHotBurn,896
NSW AND ACT,109,Northern Tablelands,CropStubWindrowRemove,727
NSW AND ACT,109,Northern Tablelands,CropStubSoil,"9,159"
NSW AND ACT,109,Northern Tablelands,CropStubRetainGround,"12,150"
NSW AND ACT,109,Northern Tablelands,CropStubRetainStand,"24,626"
NSW AND ACT,109,Northern Tablelands,CropStubGraze,"17,126"
NSW AND ACT,109,Northern Tablelands,CropStubOther,"2,318"
NSW AND ACT,109,Northern Tablelands,SoilManTotal,"43,371"
NSW AND ACT,109,Northern Tablelands,SoilManCompost,752
NSW AND ACT,109,Northern Tablelands,SoilManGreen,"1,762"
NSW AND ACT,109,Northern Tablelands,SoilManMulch,0
NSW AND ACT,109,Northern Tablelands,SoilManLime,0
NSW AND ACT,109,Northern Tablelands,SoilManDolo,0
NSW AND ACT,109,Northern Tablelands,SoilManGyp,"5,350"
NSW AND ACT,109,Northern Tablelands,SoilManBio,0
NSW AND ACT,109,Northern Tablelands,SoilMa0ou,0
NSW AND ACT,109,Northern Tablelands,SoilManOther,"22,192"
NSW AND ACT,110801,Riverina and ACT,TotalArea,"5,980,840"
NSW AND ACT,110801,Riverina and ACT,LandUseNotAgri,"255,949"
NSW AND ACT,110801,Riverina and ACT,LandUseAgri,"5,554,156"
NSW AND ACT,110801,Riverina and ACT,LandUseCrops,"1,998,807"
NSW AND ACT,110801,Riverina and ACT,LandUseGraze,"3,533,521"
NSW AND ACT,110801,Riverina and ACT,LandUseForest,"18,176"
NSW AND ACT,110801,Riverina and ACT,LandUseOther,"3,653"
NSW AND ACT,110801,Riverina and ACT,CropStubTotal,"1,353,380"
NSW AND ACT,110801,Riverina and ACT,CropStubCoolBurn,"330,841"
NSW AND ACT,110801,Riverina and ACT,CropStubHotBurn,"178,250"
NSW AND ACT,110801,Riverina and ACT,CropStubWindrowLeft,"9,648"
NSW AND ACT,110801,Riverina and ACT,CropStubWindrowRemove,"40,804"
NSW AND ACT,110801,Riverina and ACT,CropStubSoil,"141,966"
NSW AND ACT,110801,Riverina and ACT,CropStubRetainGround,"192,953"
NSW AND ACT,110801,Riverina and ACT,CropStubRetainStand,"281,247"
NSW AND ACT,110801,Riverina and ACT,CropStubGraze,"136,554"
NSW AND ACT,110801,Riverina and ACT,CropStubOther,"41,118"
NSW AND ACT,110801,Riverina and ACT,SoilManTotal,"378,025"
NSW AND ACT,110801,Riverina and ACT,SoilManCompost,"9,064"
NSW AND ACT,110801,Riverina and ACT,SoilManGreen,"4,179"
NSW AND ACT,110801,Riverina and ACT,SoilManMulch,0
NSW AND ACT,110801,Riverina and ACT,SoilManLime,"157,534"
NSW AND ACT,110801,Riverina and ACT,SoilManDolo,"6,058"
NSW AND ACT,110801,Riverina and ACT,SoilManGyp,"146,715"
NSW AND ACT,110801,Riverina and ACT,SoilManBio,0
NSW AND ACT,110801,Riverina and ACT,SoilMa0ou,"38,433"
NSW AND ACT,110801,Riverina and ACT,SoilManOther,"15,838"
NSW AND ACT,111,South East NSW,TotalArea,"1,730,235"
NSW AND ACT,111,South East NSW,LandUseNotAgri,"116,448"
NSW AND ACT,111,South East NSW,LandUseAgri,"1,588,482"
NSW AND ACT,111,South East NSW,LandUseCrops,"88,658"
NSW AND ACT,111,South East NSW,LandUseGraze,"1,486,634"
NSW AND ACT,111,South East NSW,LandUseForest,"12,495"
NSW AND ACT,111,South East NSW,LandUseOther,695
NSW AND ACT,111,South East NSW,CropStubTotal,"47,789"
NSW AND ACT,111,South East NSW,CropStubCoolBurn,"5,979"
NSW AND ACT,111,South East NSW,CropStubHotBurn,"7,590"
NSW AND ACT,111,South East NSW,CropStubWindrowLeft,503
NSW AND ACT,111,South East NSW,CropStubWindrowRemove,354
NSW AND ACT,111,South East NSW,CropStubSoil,"8,252"
NSW AND ACT,111,South East NSW,CropStubRetainGround,"2,389"
NSW AND ACT,111,South East NSW,CropStubRetainStand,"1,556"
NSW AND ACT,111,South East NSW,CropStubGraze,"17,403"
NSW AND ACT,111,South East NSW,CropStubOther,"3,764"
NSW AND ACT,111,South East NSW,SoilManTotal,"78,130"
NSW AND ACT,111,South East NSW,SoilManCompost,788
NSW AND ACT,111,South East NSW,SoilManGreen,639
NSW AND ACT,111,South East NSW,SoilManMulch,48
NSW AND ACT,111,South East NSW,SoilManLime,"17,913"
NSW AND ACT,111,South East NSW,SoilManDolo,125
NSW AND ACT,111,South East NSW,SoilManGyp,"36,310"
NSW AND ACT,111,South East NSW,SoilMa0ou,"8,836"
NSW AND ACT,111,South East NSW,SoilManOther,"13,471"
NSW AND ACT,112,Western,TotalArea,"25,506,574"
NSW AND ACT,112,Western,LandUseNotAgri,"791,523"
NSW AND ACT,112,Western,LandUseAgri,"24,034,799"
NSW AND ACT,112,Western,LandUseCrops,"499,388"
NSW AND ACT,112,Western,LandUseGraze,"23,471,410"
NSW AND ACT,112,Western,LandUseForest,"63,995"
NSW AND ACT,112,Western,LandUseOther,6
NSW AND ACT,112,Western,CropStubTotal,"244,265"
NSW AND ACT,112,Western,CropStubCoolBurn,"12,477"
NSW AND ACT,112,Western,CropStubHotBurn,522
NSW AND ACT,112,Western,CropStubWindrowRemove,"7,408"
NSW AND ACT,112,Western,CropStubSoil,"29,048"
NSW AND ACT,112,Western,CropStubRetainGround,"95,632"
NSW AND ACT,112,Western,CropStubRetainStand,"56,408"
NSW AND ACT,112,Western,CropStubGraze,"42,770"
NSW AND ACT,112,Western,SoilManTotal,"17,980"
NSW AND ACT,112,Western,SoilManCompost,"7,408"
NSW AND ACT,112,Western,SoilManGreen,341
NSW AND ACT,112,Western,SoilManLime,0
NSW AND ACT,112,Western,SoilManDolo,0
NSW AND ACT,112,Western,SoilManGyp,"4,861"
NSW AND ACT,112,Western,SoilManBio,0
NSW AND ACT,112,Western,SoilMa0ou,0
NSW AND ACT,112,Western,SoilManOther,804
VIC,9992,Victoria,TotalArea,"10,852,481"
VIC,9992,Victoria,LandUseNotAgri,"456,567"
VIC,9992,Victoria,LandUseAgri,"9,960,567"
VIC,9992,Victoria,LandUseCrops,"4,329,377"
VIC,9992,Victoria,LandUseGraze,"5,571,609"
VIC,9992,Victoria,LandUseForest,"43,940"
VIC,9992,Victoria,LandUseOther,"15,642"
VIC,9992,Victoria,CropStubTotal,"3,002,454"
VIC,9992,Victoria,CropStubCoolBurn,"378,932"
VIC,9992,Victoria,CropStubHotBurn,"269,448"
VIC,9992,Victoria,CropStubWindrowLeft,"7,480"
VIC,9992,Victoria,CropStubWindrowRemove,"113,066"
VIC,9992,Victoria,CropStubSoil,"126,177"
VIC,9992,Victoria,CropStubRetainGround,"820,560"
VIC,9992,Victoria,CropStubRetainStand,"903,288"
VIC,9992,Victoria,CropStubGraze,"343,595"
VIC,9992,Victoria,CropStubOther,"39,908"
VIC,9992,Victoria,SoilManTotal,"822,601"
VIC,9992,Victoria,SoilManCompost,"67,539"
VIC,9992,Victoria,SoilManGreen,"9,329"
VIC,9992,Victoria,SoilManMulch,0
VIC,9992,Victoria,SoilManLime,"381,776"
VIC,9992,Victoria,SoilManDolo,"14,343"
VIC,9992,Victoria,SoilManGyp,"242,930"
VIC,9992,Victoria,SoilManBio,0
VIC,9992,Victoria,SoilMa0ou,"47,815"
VIC,9992,Victoria,SoilManOther,"56,450"
VIC,201,Corangamite,TotalArea,"789,056"
VIC,201,Corangamite,LandUseNotAgri,"38,114"
VIC,201,Corangamite,LandUseAgri,"705,488"
VIC,201,Corangamite,LandUseCrops,"189,465"
VIC,201,Corangamite,LandUseGraze,"512,976"
VIC,201,Corangamite,LandUseForest,"1,813"
VIC,201,Corangamite,LandUseOther,"1,234"
VIC,201,Corangamite,CropStubTotal,"148,402"
VIC,201,Corangamite,CropStubCoolBurn,"43,374"
VIC,201,Corangamite,CropStubHotBurn,"35,095"
VIC,201,Corangamite,CropStubWindrowRemove,"10,394"
VIC,201,Corangamite,CropStubSoil,"6,766"
VIC,201,Corangamite,CropStubRetainGround,"18,564"
VIC,201,Corangamite,CropStubRetainStand,"18,339"
VIC,201,Corangamite,CropStubGraze,"15,839"
VIC,201,Corangamite,CropStubOther,31
VIC,201,Corangamite,SoilManTotal,"78,771"
VIC,201,Corangamite,SoilManCompost,"6,846"
VIC,201,Corangamite,SoilManGreen,424
VIC,201,Corangamite,SoilManMulch,29
VIC,201,Corangamite,SoilManLime,0
VIC,201,Corangamite,SoilManDolo,0
VIC,201,Corangamite,SoilManGyp,"7,776"
VIC,201,Corangamite,SoilManBio,0
VIC,201,Corangamite,SoilMa0ou,"2,853"
VIC,201,Corangamite,SoilManOther,"2,204"
VIC,202,East Gippsland,TotalArea,"250,394"
VIC,202,East Gippsland,LandUseNotAgri,"24,831"
VIC,202,East Gippsland,LandUseAgri,"213,972"
VIC,202,East Gippsland,LandUseCrops,"8,322"
VIC,202,East Gippsland,LandUseGraze,"203,993"
VIC,202,East Gippsland,LandUseForest,"1,569"
VIC,202,East Gippsland,LandUseOther,89
VIC,202,East Gippsland,CropStubTotal,"3,330"
VIC,202,East Gippsland,CropStubCoolBurn,55
VIC,202,East Gippsland,CropStubHotBurn,54
VIC,202,East Gippsland,CropStubWindrowRemove,25
VIC,202,East Gippsland,CropStubSoil,"2,087"
VIC,202,East Gippsland,CropStubRetainGround,63
VIC,202,East Gippsland,CropStubRetainStand,137
VIC,202,East Gippsland,CropStubGraze,427
VIC,202,East Gippsland,CropStubOther,484
VIC,202,East Gippsland,SoilManTotal,"14,483"
VIC,202,East Gippsland,SoilManCompost,471
VIC,202,East Gippsland,SoilManGreen,511
VIC,202,East Gippsland,SoilManMulch,0
VIC,202,East Gippsland,SoilManLime,"11,076"
VIC,202,East Gippsland,SoilManDolo,"1,297"
VIC,202,East Gippsland,SoilManGyp,0
VIC,202,East Gippsland,SoilMa0ou,369
VIC,202,East Gippsland,SoilManOther,428
VIC,203,Glenelg Hopkins,TotalArea,"1,538,568"
VIC,203,Glenelg Hopkins,LandUseNotAgri,"52,286"
VIC,203,Glenelg Hopkins,LandUseAgri,"1,466,865"
VIC,203,Glenelg Hopkins,LandUseCrops,"245,586"
VIC,203,Glenelg Hopkins,LandUseGraze,"1,204,961"
VIC,203,Glenelg Hopkins,LandUseForest,"16,011"
VIC,203,Glenelg Hopkins,LandUseOther,308
VIC,203,Glenelg Hopkins,CropStubTotal,"193,088"
VIC,203,Glenelg Hopkins,CropStubCoolBurn,"66,163"
VIC,203,Glenelg Hopkins,CropStubHotBurn,"39,560"
VIC,203,Glenelg Hopkins,CropStubWindrowLeft,"2,002"
VIC,203,Glenelg Hopkins,CropStubWindrowRemove,"4,981"
VIC,203,Glenelg Hopkins,CropStubSoil,"20,387"
VIC,203,Glenelg Hopkins,CropStubRetainGround,"29,232"
VIC,203,Glenelg Hopkins,CropStubRetainStand,"18,349"
VIC,203,Glenelg Hopkins,CropStubGraze,"10,546"
VIC,203,Glenelg Hopkins,CropStubOther,"1,868"
VIC,203,Glenelg Hopkins,SoilManTotal,"137,249"
VIC,203,Glenelg Hopkins,SoilManCompost,"17,913"
VIC,203,Glenelg Hopkins,SoilManGreen,0
VIC,203,Glenelg Hopkins,SoilManMulch,0
VIC,203,Glenelg Hopkins,SoilManLime,"98,549"
VIC,203,Glenelg Hopkins,SoilManDolo,"3,784"
VIC,203,Glenelg Hopkins,SoilManGyp,"12,399"
VIC,203,Glenelg Hopkins,SoilMa0ou,"2,651"
VIC,203,Glenelg Hopkins,SoilManOther,"1,709"
VIC,204,Goulburn Broken,TotalArea,"1,074,790"
VIC,204,Goulburn Broken,LandUseNotAgri,"56,585"
VIC,204,Goulburn Broken,LandUseAgri,"974,854"
VIC,204,Goulburn Broken,LandUseCrops,"229,275"
VIC,204,Goulburn Broken,LandUseGraze,"740,389"
VIC,204,Goulburn Broken,LandUseForest,"3,129"
VIC,204,Goulburn Broken,LandUseOther,"2,061"
VIC,204,Goulburn Broken,CropStubTotal,"149,661"
VIC,204,Goulburn Broken,CropStubCoolBurn,"51,540"
VIC,204,Goulburn Broken,CropStubHotBurn,"39,895"
VIC,204,Goulburn Broken,CropStubWindrowLeft,"2,986"
VIC,204,Goulburn Broken,CropStubWindrowRemove,"2,505"
VIC,204,Goulburn Broken,CropStubSoil,"10,040"
VIC,204,Goulburn Broken,CropStubRetainGround,"20,108"
VIC,204,Goulburn Broken,CropStubRetainStand,"5,290"
VIC,204,Goulburn Broken,CropStubGraze,"13,780"
VIC,204,Goulburn Broken,CropStubOther,"3,517"
VIC,204,Goulburn Broken,SoilManTotal,"95,244"
VIC,204,Goulburn Broken,SoilManCompost,"4,751"
VIC,204,Goulburn Broken,SoilManGreen,"1,644"
VIC,204,Goulburn Broken,SoilManMulch,76
VIC,204,Goulburn Broken,SoilManLime,"58,702"
VIC,204,Goulburn Broken,SoilManDolo,"2,205"
VIC,204,Goulburn Broken,SoilManGyp,"14,102"
VIC,204,Goulburn Broken,SoilMa0ou,"5,962"
VIC,204,Goulburn Broken,SoilManOther,"7,802"
VIC,205,Mallee,TotalArea,"2,170,778"
VIC,205,Mallee,LandUseNotAgri,"81,901"
VIC,205,Mallee,LandUseAgri,"2,018,571"
VIC,205,Mallee,LandUseCrops,"1,715,377"
VIC,205,Mallee,LandUseGraze,"302,475"
VIC,205,Mallee,LandUseForest,226
VIC,205,Mallee,LandUseOther,493
VIC,205,Mallee,CropStubTotal,"1,089,445"
VIC,205,Mallee,CropStubCoolBurn,"32,088"
VIC,205,Mallee,CropStubHotBurn,"16,829"
VIC,205,Mallee,CropStubWindrowRemove,"54,781"
VIC,205,Mallee,CropStubSoil,"9,637"
VIC,205,Mallee,CropStubRetainGround,"380,963"
VIC,205,Mallee,CropStubRetainStand,"424,214"
VIC,205,Mallee,CropStubGraze,"155,536"
VIC,205,Mallee,CropStubOther,"15,397"
VIC,205,Mallee,SoilManTotal,"51,549"
VIC,205,Mallee,SoilManCompost,"6,745"
VIC,205,Mallee,SoilManGreen,"2,047"
VIC,205,Mallee,SoilManMulch,8
VIC,205,Mallee,SoilManLime,"2,325"
VIC,205,Mallee,SoilManDolo,398
VIC,205,Mallee,SoilManGyp,"32,973"
VIC,205,Mallee,SoilMa0ou,"3,636"
VIC,205,Mallee,SoilManOther,"3,417"
VIC,206,North Central,TotalArea,"1,969,349"
VIC,206,North Central,LandUseNotAgri,"58,661"
VIC,206,North Central,LandUseAgri,"1,831,671"
VIC,206,North Central,LandUseCrops,"955,319"
VIC,206,North Central,LandUseGraze,"867,131"
VIC,206,North Central,LandUseForest,"2,854"
VIC,206,North Central,LandUseOther,"6,367"
VIC,206,North Central,CropStubTotal,"681,113"
VIC,206,North Central,CropStubCoolBurn,"70,158"
VIC,206,North Central,CropStubHotBurn,"57,391"
VIC,206,North Central,CropStubWindrowLeft,984
VIC,206,North Central,CropStubWindrowRemove,"28,499"
VIC,206,North Central,CropStubSoil,"41,797"
VIC,206,North Central,CropStubRetainGround,"195,686"
VIC,206,North Central,CropStubRetainStand,"191,252"
VIC,206,North Central,CropStubGraze,"88,959"
VIC,206,North Central,CropStubOther,"6,387"
VIC,206,North Central,SoilManTotal,"169,233"
VIC,206,North Central,SoilManCompost,"11,735"
VIC,206,North Central,SoilManGreen,"2,927"
VIC,206,North Central,SoilManMulch,"1,710"
VIC,206,North Central,SoilManLime,"66,717"
VIC,206,North Central,SoilManDolo,294
VIC,206,North Central,SoilManGyp,"48,379"
VIC,206,North Central,SoilMa0ou,"25,452"
VIC,206,North Central,SoilManOther,"12,019"
VIC,207,North East,TotalArea,"656,572"
VIC,207,North East,LandUseNotAgri,"37,426"
VIC,207,North East,LandUseAgri,"580,193"
VIC,207,North East,LandUseCrops,"33,501"
VIC,207,North East,LandUseGraze,"542,473"
VIC,207,North East,LandUseForest,"3,012"
VIC,207,North East,LandUseOther,"1,207"
VIC,207,North East,CropStubTotal,"18,915"
VIC,207,North East,CropStubCoolBurn,"5,827"
VIC,207,North East,CropStubHotBurn,"4,694"
VIC,207,North East,CropStubWindrowLeft,546
VIC,207,North East,CropStubWindrowRemove,"1,771"
VIC,207,North East,CropStubSoil,227
VIC,207,North East,CropStubRetainGround,"1,563"
VIC,207,North East,CropStubRetainStand,"2,606"
VIC,207,North East,CropStubGraze,"1,542"
VIC,207,North East,CropStubOther,140
VIC,207,North East,SoilManTotal,"36,261"
VIC,207,North East,SoilManCompost,166
VIC,207,North East,SoilManGreen,22
VIC,207,North East,SoilManMulch,0
VIC,207,North East,SoilManLime,"18,209"
VIC,207,North East,SoilManDolo,"2,095"
VIC,207,North East,SoilManGyp,"5,714"
VIC,207,North East,SoilMa0ou,0
VIC,207,North East,SoilManOther,"9,773"
VIC,208,Port Phillip and Western Port,TotalArea,"275,515"
VIC,208,Port Phillip and Western Port,LandUseNotAgri,"16,525"
VIC,208,Port Phillip and Western Port,LandUseAgri,"230,771"
VIC,208,Port Phillip and Western Port,LandUseCrops,"49,868"
VIC,208,Port Phillip and Western Port,LandUseGraze,"177,940"
VIC,208,Port Phillip and Western Port,LandUseForest,252
VIC,208,Port Phillip and Western Port,LandUseOther,"2,711"
VIC,208,Port Phillip and Western Port,CropStubTotal,"20,389"
VIC,208,Port Phillip and Western Port,CropStubCoolBurn,"2,546"
VIC,208,Port Phillip and Western Port,CropStubHotBurn,"2,290"
VIC,208,Port Phillip and Western Port,CropStubWindrowRemove,357
VIC,208,Port Phillip and Western Port,CropStubSoil,"2,727"
VIC,208,Port Phillip and Western Port,CropStubRetainGround,"5,632"
VIC,208,Port Phillip and Western Port,CropStubRetainStand,"3,694"
VIC,208,Port Phillip and Western Port,CropStubGraze,"2,630"
VIC,208,Port Phillip and Western Port,CropStubOther,513
VIC,208,Port Phillip and Western Port,SoilManTotal,"32,723"
VIC,208,Port Phillip and Western Port,SoilManCompost,"3,873"
VIC,208,Port Phillip and Western Port,SoilManGreen,"1,077"
VIC,208,Port Phillip and Western Port,SoilManMulch,258
VIC,208,Port Phillip and Western Port,SoilManLime,"16,499"
VIC,208,Port Phillip and Western Port,SoilManDolo,484
VIC,208,Port Phillip and Western Port,SoilManGyp,"4,740"
VIC,208,Port Phillip and Western Port,SoilMa0ou,"3,318"
VIC,208,Port Phillip and Western Port,SoilManOther,"2,475"
VIC,209,West Gippsland,TotalArea,"580,642"
VIC,209,West Gippsland,LandUseNotAgri,"34,013"
VIC,209,West Gippsland,LandUseAgri,"518,580"
VIC,209,West Gippsland,LandUseCrops,"28,304"
VIC,209,West Gippsland,LandUseGraze,"485,204"
VIC,209,West Gippsland,LandUseForest,"4,793"
VIC,209,West Gippsland,LandUseOther,279
VIC,209,West Gippsland,CropStubTotal,"11,927"
VIC,209,West Gippsland,CropStubCoolBurn,"2,193"
VIC,209,West Gippsland,CropStubHotBurn,20
VIC,209,West Gippsland,CropStubSoil,138
VIC,209,West Gippsland,CropStubRetainGround,235
VIC,209,West Gippsland,CropStubRetainStand,"1,761"
VIC,209,West Gippsland,CropStubGraze,"7,580"
VIC,209,West Gippsland,SoilManTotal,"71,616"
VIC,209,West Gippsland,SoilManCompost,"11,239"
VIC,209,West Gippsland,SoilManGreen,571
VIC,209,West Gippsland,SoilManMulch,0
VIC,209,West Gippsland,SoilManLime,"40,562"
VIC,209,West Gippsland,SoilManDolo,"1,729"
VIC,209,West Gippsland,SoilManGyp,0
VIC,209,West Gippsland,SoilMa0ou,"3,019"
VIC,209,West Gippsland,SoilManOther,"9,079"
VIC,210,Wimmera,TotalArea,"1,546,818"
VIC,210,Wimmera,LandUseNotAgri,"56,224"
VIC,210,Wimmera,LandUseAgri,"1,419,603"
VIC,210,Wimmera,LandUseCrops,"874,360"
VIC,210,Wimmera,LandUseGraze,"534,068"
VIC,210,Wimmera,LandUseForest,"10,281"
VIC,210,Wimmera,LandUseOther,894
VIC,210,Wimmera,CropStubTotal,"686,185"
VIC,210,Wimmera,CropStubCoolBurn,"104,988"
VIC,210,Wimmera,CropStubHotBurn,"73,621"
VIC,210,Wimmera,CropStubWindrowLeft,963
VIC,210,Wimmera,CropStubWindrowRemove,"9,753"
VIC,210,Wimmera,CropStubSoil,"32,372"
VIC,210,Wimmera,CropStubRetainGround,"168,515"
VIC,210,Wimmera,CropStubRetainStand,"237,646"
VIC,210,Wimmera,CropStubGraze,"46,757"
VIC,210,Wimmera,CropStubOther,"11,570"
VIC,210,Wimmera,SoilManTotal,"135,472"
VIC,210,Wimmera,SoilManCompost,"3,801"
VIC,210,Wimmera,SoilManGreen,0
VIC,210,Wimmera,SoilManMulch,0
VIC,210,Wimmera,SoilManLime,0
VIC,210,Wimmera,SoilManDolo,0
VIC,210,Wimmera,SoilManGyp,"111,283"
VIC,210,Wimmera,SoilMa0ou,0
VIC,210,Wimmera,SoilManOther,"7,544"
QLD,9993,Queensland,TotalArea,"137,954,589"
QLD,9993,Queensland,LandUseNotAgri,"4,803,103"
QLD,9993,Queensland,LandUseAgri,"132,771,840"
QLD,9993,Queensland,LandUseCrops,"3,181,157"
QLD,9993,Queensland,LandUseGraze,"129,372,500"
QLD,9993,Queensland,LandUseForest,"195,049"
QLD,9993,Queensland,LandUseOther,"23,135"
QLD,9993,Queensland,CropStubTotal,"1,920,659"
QLD,9993,Queensland,CropStubCoolBurn,"43,158"
QLD,9993,Queensland,CropStubHotBurn,"15,752"
QLD,9993,Queensland,CropStubWindrowLeft,"3,194"
QLD,9993,Queensland,CropStubWindrowRemove,"8,163"
QLD,9993,Queensland,CropStubSoil,"333,051"
QLD,9993,Queensland,CropStubRetainGround,"527,069"
QLD,9993,Queensland,CropStubRetainStand,"779,299"
QLD,9993,Queensland,CropStubGraze,"143,032"
QLD,9993,Queensland,CropStubOther,"67,942"
QLD,9993,Queensland,SoilManTotal,"407,685"
QLD,9993,Queensland,SoilManCompost,"44,998"
QLD,9993,Queensland,SoilManGreen,"16,840"
QLD,9993,Queensland,SoilManMulch,"5,564"
QLD,9993,Queensland,SoilManLime,"46,877"
QLD,9993,Queensland,SoilManDolo,"17,832"
QLD,9993,Queensland,SoilManGyp,"56,730"
QLD,9993,Queensland,SoilManBio,287
QLD,9993,Queensland,SoilMa0ou,"18,454"
QLD,9993,Queensland,LandUseBioD,"91,302"
QLD,9993,Queensland,SoilManOther,"108,801"
QLD,301,Burnett Mary,TotalArea,"3,353,011"
QLD,301,Burnett Mary,LandUseNotAgri,"142,753"
QLD,301,Burnett Mary,LandUseAgri,"3,116,897"
QLD,301,Burnett Mary,LandUseCrops,"155,772"
QLD,301,Burnett Mary,LandUseGraze,"2,867,673"
QLD,301,Burnett Mary,LandUseForest,"89,719"
QLD,301,Burnett Mary,LandUseOther,"3,733"
QLD,301,Burnett Mary,CropStubTotal,"75,575"
QLD,301,Burnett Mary,CropStubCoolBurn,"5,173"
QLD,301,Burnett Mary,CropStubHotBurn,392
QLD,301,Burnett Mary,CropStubWindrowLeft,"1,966"
QLD,301,Burnett Mary,CropStubWindrowRemove,"4,066"
QLD,301,Burnett Mary,CropStubSoil,"16,942"
QLD,301,Burnett Mary,CropStubRetainGround,"27,516"
QLD,301,Burnett Mary,CropStubRetainStand,"4,696"
QLD,301,Burnett Mary,CropStubGraze,"6,054"
QLD,301,Burnett Mary,CropStubOther,"8,771"
QLD,301,Burnett Mary,SoilManTotal,"65,021"
QLD,301,Burnett Mary,SoilManCompost,"6,348"
QLD,301,Burnett Mary,SoilManGreen,"3,393"
QLD,301,Burnett Mary,SoilManMulch,"2,595"
QLD,301,Burnett Mary,SoilManLime,"9,219"
QLD,301,Burnett Mary,SoilManDolo,"1,579"
QLD,301,Burnett Mary,SoilManGyp,"11,239"
QLD,301,Burnett Mary,SoilManBio,0
QLD,301,Burnett Mary,SoilMa0ou,"1,761"
QLD,301,Burnett Mary,LandUseBioD,0
QLD,301,Burnett Mary,SoilManOther,"24,453"
QLD,302,Cape York,TotalArea,"2,561,605"
QLD,302,Cape York,LandUseNotAgri,"135,837"
QLD,302,Cape York,LandUseAgri,"2,452,401"
QLD,302,Cape York,LandUseCrops,"2,057"
QLD,302,Cape York,LandUseGraze,"2,449,463"
QLD,302,Cape York,LandUseForest,820
QLD,302,Cape York,LandUseOther,61
QLD,302,Cape York,CropStubTotal,492
QLD,302,Cape York,CropStubRetainGround,223
QLD,302,Cape York,CropStubRetainStand,135
QLD,302,Cape York,CropStubGraze,135
QLD,302,Cape York,SoilManTotal,217
QLD,302,Cape York,SoilManGreen,0
QLD,302,Cape York,SoilManMulch,0
QLD,302,Cape York,SoilManLime,0
QLD,302,Cape York,SoilManDolo,0
QLD,302,Cape York,SoilManGyp,0
QLD,302,Cape York,SoilMa0ou,0
QLD,303,Condamine,TotalArea,"1,599,722"
QLD,303,Condamine,LandUseNotAgri,"71,225"
QLD,303,Condamine,LandUseAgri,"1,475,082"
QLD,303,Condamine,LandUseCrops,"678,196"
QLD,303,Condamine,LandUseGraze,"784,176"
QLD,303,Condamine,LandUseForest,"7,295"
QLD,303,Condamine,LandUseOther,"5,415"
QLD,303,Condamine,CropStubTotal,"494,593"
QLD,303,Condamine,CropStubCoolBurn,"2,094"
QLD,303,Condamine,CropStubHotBurn,"2,408"
QLD,303,Condamine,CropStubWindrowLeft,25
QLD,303,Condamine,CropStubWindrowRemove,"2,191"
QLD,303,Condamine,CropStubSoil,"126,057"
QLD,303,Condamine,CropStubRetainGround,"111,658"
QLD,303,Condamine,CropStubRetainStand,"212,511"
QLD,303,Condamine,CropStubGraze,"34,579"
QLD,303,Condamine,CropStubOther,"3,070"
QLD,303,Condamine,SoilManTotal,"66,344"
QLD,303,Condamine,SoilManCompost,"15,802"
QLD,303,Condamine,SoilManGreen,"4,131"
QLD,303,Condamine,SoilManMulch,0
QLD,303,Condamine,SoilManLime,683
QLD,303,Condamine,SoilManDolo,0
QLD,303,Condamine,SoilManGyp,"2,828"
QLD,303,Condamine,SoilMa0ou,"5,318"
QLD,303,Condamine,SoilManOther,"37,519"
QLD,304,Cooperative Management Area,TotalArea,"1,610,830"
QLD,304,Cooperative Management Area,LandUseNotAgri,"17,285"
QLD,304,Cooperative Management Area,LandUseAgri,"1,593,127"
QLD,304,Cooperative Management Area,LandUseCrops,"1,775"
QLD,304,Cooperative Management Area,LandUseGraze,"1,591,315"
QLD,304,Cooperative Management Area,LandUseForest,38
QLD,304,Cooperative Management Area,CropStubTotal,"1,543"
QLD,304,Cooperative Management Area,CropStubSoil,69
QLD,304,Cooperative Management Area,CropStubRetainGround,"1,473"
QLD,304,Cooperative Management Area,SoilManTotal,0
QLD,304,Cooperative Management Area,SoilManGyp,0
QLD,305,Desert Channels,TotalArea,"44,150,071"
QLD,305,Desert Channels,LandUseNotAgri,"1,688,207"
QLD,305,Desert Channels,LandUseAgri,"42,486,619"
QLD,305,Desert Channels,LandUseCrops,"69,190"
QLD,305,Desert Channels,LandUseGraze,"42,393,230"
QLD,305,Desert Channels,LandUseForest,"24,199"
QLD,305,Desert Channels,CropStubTotal,334
QLD,305,Desert Channels,CropStubSoil,5
QLD,305,Desert Channels,CropStubRetainGround,44
QLD,305,Desert Channels,CropStubRetainStand,154
QLD,305,Desert Channels,CropStubGraze,130
QLD,305,Desert Channels,SoilManTotal,192
QLD,305,Desert Channels,SoilManCompost,0
QLD,305,Desert Channels,SoilManLime,0
QLD,305,Desert Channels,SoilManOther,0
QLD,306,Fitzroy Basin,TotalArea,"14,987,168"
QLD,306,Fitzroy Basin,LandUseNotAgri,"536,263"
QLD,306,Fitzroy Basin,LandUseAgri,"14,141,585"
QLD,306,Fitzroy Basin,LandUseCrops,"456,781"
QLD,306,Fitzroy Basin,LandUseGraze,"13,632,682"
QLD,306,Fitzroy Basin,LandUseForest,"45,451"
QLD,306,Fitzroy Basin,LandUseOther,"6,671"
QLD,306,Fitzroy Basin,CropStubTotal,"291,250"
QLD,306,Fitzroy Basin,CropStubCoolBurn,605
QLD,306,Fitzroy Basin,CropStubHotBurn,213
QLD,306,Fitzroy Basin,CropStubWindrowRemove,434
QLD,306,Fitzroy Basin,CropStubSoil,"71,880"
QLD,306,Fitzroy Basin,CropStubRetainGround,"68,107"
QLD,306,Fitzroy Basin,CropStubRetainStand,"115,594"
QLD,306,Fitzroy Basin,CropStubGraze,"30,752"
QLD,306,Fitzroy Basin,CropStubOther,"3,664"
QLD,306,Fitzroy Basin,SoilManTotal,"26,636"
QLD,306,Fitzroy Basin,SoilManCompost,"2,247"
QLD,306,Fitzroy Basin,SoilManGreen,"4,445"
QLD,306,Fitzroy Basin,SoilManMulch,0
QLD,306,Fitzroy Basin,SoilManLime,519
QLD,306,Fitzroy Basin,SoilManDolo,221
QLD,306,Fitzroy Basin,SoilManGyp,"2,937"
QLD,306,Fitzroy Basin,SoilMa0ou,"3,246"
QLD,306,Fitzroy Basin,LandUseBioD,0
QLD,306,Fitzroy Basin,SoilManOther,"12,719"
QLD,307,North Queensland Dry Tropics,TotalArea,"12,545,909"
QLD,307,North Queensland Dry Tropics,LandUseNotAgri,"318,507"
QLD,307,North Queensland Dry Tropics,LandUseAgri,"12,268,553"
QLD,307,North Queensland Dry Tropics,LandUseCrops,"216,138"
QLD,307,North Queensland Dry Tropics,LandUseGraze,"12,052,154"
QLD,307,North Queensland Dry Tropics,LandUseForest,212
QLD,307,North Queensland Dry Tropics,LandUseOther,50
QLD,307,North Queensland Dry Tropics,CropStubTotal,"100,939"
QLD,307,North Queensland Dry Tropics,CropStubCoolBurn,"17,326"
QLD,307,North Queensland Dry Tropics,CropStubHotBurn,"11,001"
QLD,307,North Queensland Dry Tropics,CropStubWindrowLeft,14
QLD,307,North Queensland Dry Tropics,CropStubWindrowRemove,487
QLD,307,North Queensland Dry Tropics,CropStubSoil,"15,696"
QLD,307,North Queensland Dry Tropics,CropStubRetainGround,"22,607"
QLD,307,North Queensland Dry Tropics,CropStubRetainStand,"27,406"
QLD,307,North Queensland Dry Tropics,CropStubGraze,"4,414"
QLD,307,North Queensland Dry Tropics,CropStubOther,"1,987"
QLD,307,North Queensland Dry Tropics,SoilManTotal,"48,949"
QLD,307,North Queensland Dry Tropics,SoilManCompost,"4,264"
QLD,307,North Queensland Dry Tropics,SoilManGreen,319
QLD,307,North Queensland Dry Tropics,SoilManMulch,0
QLD,307,North Queensland Dry Tropics,SoilManLime,"1,495"
QLD,307,North Queensland Dry Tropics,SoilManDolo,"2,615"
QLD,307,North Queensland Dry Tropics,SoilManGyp,"14,979"
QLD,307,North Queensland Dry Tropics,SoilMa0ou,0
QLD,307,North Queensland Dry Tropics,LandUseBioD,"22,003"
QLD,307,North Queensland Dry Tropics,SoilManOther,"3,105"
QLD,308,Northern Gulf,TotalArea,"12,503,257"
QLD,308,Northern Gulf,LandUseNotAgri,"804,027"
QLD,308,Northern Gulf,LandUseAgri,"11,699,281"
QLD,308,Northern Gulf,LandUseCrops,"14,402"
QLD,308,Northern Gulf,LandUseGraze,"11,683,626"
QLD,308,Northern Gulf,LandUseForest,"1,172"
QLD,308,Northern Gulf,LandUseOther,81
QLD,308,Northern Gulf,CropStubTotal,"4,294"
QLD,308,Northern Gulf,CropStubCoolBurn,2
QLD,308,Northern Gulf,CropStubHotBurn,54
QLD,308,Northern Gulf,CropStubSoil,46
QLD,308,Northern Gulf,CropStubRetainGround,762
QLD,308,Northern Gulf,CropStubOther,"3,429"
QLD,308,Northern Gulf,SoilManTotal,"4,475"
QLD,308,Northern Gulf,SoilManCompost,0
QLD,308,Northern Gulf,SoilManGreen,0
QLD,308,Northern Gulf,SoilManMulch,"1,169"
QLD,308,Northern Gulf,SoilManLime,917
QLD,308,Northern Gulf,SoilManDolo,214
QLD,308,Northern Gulf,SoilManGyp,"1,625"
QLD,308,Northern Gulf,SoilMa0ou,199
QLD,308,Northern Gulf,SoilManOther,0
QLD,309,Queensland Murray Darling Basin,TotalArea,"9,029,457"
QLD,309,Queensland Murray Darling Basin,LandUseNotAgri,"424,483"
QLD,309,Queensland Murray Darling Basin,LandUseAgri,"8,483,660"
QLD,309,Queensland Murray Darling Basin,LandUseCrops,"1,211,413"
QLD,309,Queensland Murray Darling Basin,LandUseGraze,"7,249,611"
QLD,309,Queensland Murray Darling Basin,LandUseForest,"19,398"
QLD,309,Queensland Murray Darling Basin,LandUseOther,"3,238"
QLD,309,Queensland Murray Darling Basin,CropStubTotal,"736,699"
QLD,309,Queensland Murray Darling Basin,CropStubCoolBurn,"14,514"
QLD,309,Queensland Murray Darling Basin,CropStubHotBurn,866
QLD,309,Queensland Murray Darling Basin,CropStubWindrowLeft,115
QLD,309,Queensland Murray Darling Basin,CropStubWindrowRemove,457
QLD,309,Queensland Murray Darling Basin,CropStubSoil,"84,163"
QLD,309,Queensland Murray Darling Basin,CropStubRetainGround,"150,622"
QLD,309,Queensland Murray Darling Basin,CropStubRetainStand,"414,217"
QLD,309,Queensland Murray Darling Basin,CropStubGraze,"64,942"
QLD,309,Queensland Murray Darling Basin,CropStubOther,"6,803"
QLD,309,Queensland Murray Darling Basin,SoilManTotal,"58,740"
QLD,309,Queensland Murray Darling Basin,SoilManCompost,"9,670"
QLD,309,Queensland Murray Darling Basin,SoilManGreen,"1,806"
QLD,309,Queensland Murray Darling Basin,SoilManMulch,7
QLD,309,Queensland Murray Darling Basin,SoilManLime,"1,588"
QLD,309,Queensland Murray Darling Basin,SoilManDolo,"9,397"
QLD,309,Queensland Murray Darling Basin,SoilManGyp,"15,176"
QLD,309,Queensland Murray Darling Basin,SoilMa0ou,620
QLD,309,Queensland Murray Darling Basin,SoilManOther,"20,477"
QLD,310,Reef Catchments,TotalArea,"706,847"
QLD,310,Reef Catchments,LandUseNotAgri,"79,107"
QLD,310,Reef Catchments,LandUseAgri,"611,391"
QLD,310,Reef Catchments,LandUseCrops,"145,093"
QLD,310,Reef Catchments,LandUseGraze,"463,464"
QLD,310,Reef Catchments,LandUseForest,"2,605"
QLD,310,Reef Catchments,LandUseOther,229
QLD,310,Reef Catchments,CropStubTotal,"96,948"
QLD,310,Reef Catchments,CropStubCoolBurn,"1,149"
QLD,310,Reef Catchments,CropStubHotBurn,729
QLD,310,Reef Catchments,CropStubWindrowLeft,232
QLD,310,Reef Catchments,CropStubWindrowRemove,79
QLD,310,Reef Catchments,CropStubSoil,"5,907"
QLD,310,Reef Catchments,CropStubRetainGround,"64,691"
QLD,310,Reef Catchments,CropStubRetainStand,"1,649"
QLD,310,Reef Catchments,CropStubGraze,614
QLD,310,Reef Catchments,CropStubOther,"21,898"
QLD,310,Reef Catchments,SoilManTotal,"75,269"
QLD,310,Reef Catchments,SoilManCompost,0
QLD,310,Reef Catchments,SoilManGreen,0
QLD,310,Reef Catchments,SoilManMulch,0
QLD,310,Reef Catchments,SoilManLime,"6,507"
QLD,310,Reef Catchments,SoilManDolo,210
QLD,310,Reef Catchments,SoilManGyp,"1,887"
QLD,310,Reef Catchments,SoilMa0ou,8
QLD,310,Reef Catchments,LandUseBioD,"62,065"
QLD,310,Reef Catchments,SoilManOther,"3,753"
QLD,311,South East Queensland,TotalArea,"988,949"
QLD,311,South East Queensland,LandUseNotAgri,"33,237"
QLD,311,South East Queensland,LandUseAgri,"968,826"
QLD,311,South East Queensland,LandUseCrops,"44,718"
QLD,311,South East Queensland,LandUseGraze,"918,538"
QLD,311,South East Queensland,LandUseForest,"3,037"
QLD,311,South East Queensland,LandUseOther,"2,532"
QLD,311,South East Queensland,CropStubTotal,"10,234"
QLD,311,South East Queensland,CropStubCoolBurn,10
QLD,311,South East Queensland,CropStubSoil,"2,827"
QLD,311,South East Queensland,CropStubRetainGround,"5,764"
QLD,311,South East Queensland,CropStubRetainStand,"1,275"
QLD,311,South East Queensland,CropStubGraze,334
QLD,311,South East Queensland,CropStubOther,24
QLD,311,South East Queensland,SoilManTotal,"22,746"
QLD,311,South East Queensland,SoilManCompost,"3,766"
QLD,311,South East Queensland,SoilManGreen,"1,311"
QLD,311,South East Queensland,SoilManMulch,0
QLD,311,South East Queensland,SoilManLime,"3,762"
QLD,311,South East Queensland,SoilManDolo,862
QLD,311,South East Queensland,SoilManGyp,"2,978"
QLD,311,South East Queensland,SoilManBio,0
QLD,311,South East Queensland,SoilMa0ou,"5,879"
QLD,311,South East Queensland,LandUseBioD,0
QLD,311,South East Queensland,SoilManOther,"3,599"
QLD,312,South West Queensland,TotalArea,"16,608,709"
QLD,312,South West Queensland,LandUseNotAgri,"230,630"
QLD,312,South West Queensland,LandUseAgri,"16,367,054"
QLD,312,South West Queensland,LandUseCrops,"7,248"
QLD,312,South West Queensland,LandUseGraze,"16,359,804"
QLD,312,South West Queensland,LandUseOther,2
QLD,312,South West Queensland,CropStubTotal,620
QLD,312,South West Queensland,CropStubGraze,620
QLD,312,South West Queensland,SoilManTotal,0
QLD,312,South West Queensland,SoilManCompost,0
QLD,312,South West Queensland,SoilManGyp,0
QLD,313,Southern Gulf,TotalArea,"16,580,765"
QLD,313,Southern Gulf,LandUseNotAgri,"289,474"
QLD,313,Southern Gulf,LandUseAgri,"16,432,765"
QLD,313,Southern Gulf,LandUseCrops,"4,487"
QLD,313,Southern Gulf,LandUseGraze,"16,427,683"
QLD,313,Southern Gulf,LandUseOther,594
QLD,313,Southern Gulf,CropStubTotal,141
QLD,313,Southern Gulf,CropStubGraze,141
QLD,313,Southern Gulf,SoilManTotal,0
QLD,313,Southern Gulf,SoilMa0ou,0
QLD,314,Terrain NRM,TotalArea,"728,289"
QLD,314,Terrain NRM,LandUseNotAgri,"32,066"
QLD,314,Terrain NRM,LandUseAgri,"674,599"
QLD,314,Terrain NRM,LandUseCrops,"173,888"
QLD,314,Terrain NRM,LandUseGraze,"499,080"
QLD,314,Terrain NRM,LandUseForest,"1,103"
QLD,314,Terrain NRM,LandUseOther,528
QLD,314,Terrain NRM,CropStubTotal,"106,998"
QLD,314,Terrain NRM,CropStubCoolBurn,"2,284"
QLD,314,Terrain NRM,CropStubHotBurn,90
QLD,314,Terrain NRM,CropStubWindrowLeft,842
QLD,314,Terrain NRM,CropStubWindrowRemove,449
QLD,314,Terrain NRM,CropStubSoil,"9,457"
QLD,314,Terrain NRM,CropStubRetainGround,"73,602"
QLD,314,Terrain NRM,CropStubRetainStand,"1,661"
QLD,314,Terrain NRM,CropStubGraze,318
QLD,314,Terrain NRM,CropStubOther,"18,294"
QLD,314,Terrain NRM,SoilManTotal,"38,099"
QLD,314,Terrain NRM,SoilManCompost,"2,043"
QLD,314,Terrain NRM,SoilManGreen,"1,272"
QLD,314,Terrain NRM,SoilManMulch,"1,106"
QLD,314,Terrain NRM,SoilManLime,"22,074"
QLD,314,Terrain NRM,SoilManDolo,"2,677"
QLD,314,Terrain NRM,SoilManGyp,"2,964"
QLD,314,Terrain NRM,SoilMa0ou,391
QLD,314,Terrain NRM,LandUseBioD,"2,751"
QLD,314,Terrain NRM,SoilManOther,"2,821"
SA,9994,South Australia,TotalArea,"49,720,453"
SA,9994,South Australia,LandUseNotAgri,"1,740,286"
SA,9994,South Australia,LandUseAgri,"47,554,773"
SA,9994,South Australia,LandUseCrops,"4,995,179"
SA,9994,South Australia,LandUseGraze,"42,516,951"
SA,9994,South Australia,LandUseForest,"10,461"
SA,9994,South Australia,LandUseOther,"32,182"
SA,9994,South Australia,CropStubTotal,"3,641,990"
SA,9994,South Australia,CropStubCoolBurn,"183,519"
SA,9994,South Australia,CropStubHotBurn,"133,320"
SA,9994,South Australia,CropStubWindrowLeft,"15,752"
SA,9994,South Australia,CropStubWindrowRemove,"89,678"
SA,9994,South Australia,CropStubSoil,"222,918"
SA,9994,South Australia,CropStubRetainGround,"1,302,160"
SA,9994,South Australia,CropStubRetainStand,"790,549"
SA,9994,South Australia,CropStubGraze,"816,378"
SA,9994,South Australia,CropStubOther,"87,716"
SA,9994,South Australia,SoilManTotal,"339,998"
SA,9994,South Australia,SoilManCompost,"24,632"
SA,9994,South Australia,SoilManGreen,"4,131"
SA,9994,South Australia,SoilManMulch,"1,387"
SA,9994,South Australia,SoilManLime,"51,949"
SA,9994,South Australia,SoilManDolo,"3,296"
SA,9994,South Australia,SoilManGyp,"174,319"
SA,9994,South Australia,SoilManBio,"1,268"
SA,9994,South Australia,SoilMa0ou,"38,117"
SA,9994,South Australia,SoilManOther,"40,900"
SA,401,Adelaide and Mount Lofty Ranges,TotalArea,"313,183"
SA,401,Adelaide and Mount Lofty Ranges,LandUseNotAgri,"21,497"
SA,401,Adelaide and Mount Lofty Ranges,LandUseAgri,"274,557"
SA,401,Adelaide and Mount Lofty Ranges,LandUseCrops,"134,028"
SA,401,Adelaide and Mount Lofty Ranges,LandUseGraze,"138,650"
SA,401,Adelaide and Mount Lofty Ranges,LandUseForest,854
SA,401,Adelaide and Mount Lofty Ranges,LandUseOther,"1,024"
SA,401,Adelaide and Mount Lofty Ranges,CropStubTotal,"86,599"
SA,401,Adelaide and Mount Lofty Ranges,CropStubCoolBurn,"6,860"
SA,401,Adelaide and Mount Lofty Ranges,CropStubHotBurn,"3,936"
SA,401,Adelaide and Mount Lofty Ranges,CropStubWindrowLeft,490
SA,401,Adelaide and Mount Lofty Ranges,CropStubWindrowRemove,"9,166"
SA,401,Adelaide and Mount Lofty Ranges,CropStubSoil,"11,313"
SA,401,Adelaide and Mount Lofty Ranges,CropStubRetainGround,"23,875"
SA,401,Adelaide and Mount Lofty Ranges,CropStubRetainStand,"16,358"
SA,401,Adelaide and Mount Lofty Ranges,CropStubGraze,"13,049"
SA,401,Adelaide and Mount Lofty Ranges,CropStubOther,"1,551"
SA,401,Adelaide and Mount Lofty Ranges,SoilManTotal,"32,767"
SA,401,Adelaide and Mount Lofty Ranges,SoilManCompost,"5,914"
SA,401,Adelaide and Mount Lofty Ranges,SoilManGreen,340
SA,401,Adelaide and Mount Lofty Ranges,SoilManMulch,768
SA,401,Adelaide and Mount Lofty Ranges,SoilManLime,"6,238"
SA,401,Adelaide and Mount Lofty Ranges,SoilManDolo,0
SA,401,Adelaide and Mount Lofty Ranges,SoilManGyp,0
SA,401,Adelaide and Mount Lofty Ranges,SoilManBio,0
SA,401,Adelaide and Mount Lofty Ranges,SoilMa0ou,"9,125"
SA,401,Adelaide and Mount Lofty Ranges,SoilManOther,"2,846"
SA,402406,Alinytjara Wilurara and South Australian Arid Lands,TotalArea,"36,606,933"
SA,402406,Alinytjara Wilurara and South Australian Arid Lands,LandUseNotAgri,"869,577"
SA,402406,Alinytjara Wilurara and South Australian Arid Lands,LandUseAgri,"35,707,517"
SA,402406,Alinytjara Wilurara and South Australian Arid Lands,LandUseCrops,"23,318"
SA,402406,Alinytjara Wilurara and South Australian Arid Lands,LandUseGraze,"35,684,139"
SA,402406,Alinytjara Wilurara and South Australian Arid Lands,LandUseForest,60
SA,402406,Alinytjara Wilurara and South Australian Arid Lands,CropStubTotal,"14,859"
SA,402406,Alinytjara Wilurara and South Australian Arid Lands,CropStubCoolBurn,600
SA,402406,Alinytjara Wilurara and South Australian Arid Lands,CropStubHotBurn,100
SA,402406,Alinytjara Wilurara and South Australian Arid Lands,CropStubWindrowRemove,"1,025"
SA,402406,Alinytjara Wilurara and South Australian Arid Lands,CropStubSoil,522
SA,402406,Alinytjara Wilurara and South Australian Arid Lands,CropStubRetainGround,"5,000"
SA,402406,Alinytjara Wilurara and South Australian Arid Lands,CropStubRetainStand,"3,751"
SA,402406,Alinytjara Wilurara and South Australian Arid Lands,CropStubGraze,"3,700"
SA,402406,Alinytjara Wilurara and South Australian Arid Lands,CropStubOther,160
SA,402406,Alinytjara Wilurara and South Australian Arid Lands,SoilManTotal,0
SA,402406,Alinytjara Wilurara and South Australian Arid Lands,SoilManLime,0
SA,402406,Alinytjara Wilurara and South Australian Arid Lands,SoilManGyp,0
SA,403,Eyre Peninsula,TotalArea,"3,869,709"
SA,403,Eyre Peninsula,LandUseNotAgri,"364,900"
SA,403,Eyre Peninsula,LandUseAgri,"3,361,645"
SA,403,Eyre Peninsula,LandUseCrops,"1,859,608"
SA,403,Eyre Peninsula,LandUseGraze,"1,499,070"
SA,403,Eyre Peninsula,LandUseForest,944
SA,403,Eyre Peninsula,LandUseOther,"2,022"
SA,403,Eyre Peninsula,CropStubTotal,"1,292,663"
SA,403,Eyre Peninsula,CropStubCoolBurn,"60,397"
SA,403,Eyre Peninsula,CropStubHotBurn,"62,364"
SA,403,Eyre Peninsula,CropStubWindrowLeft,"9,052"
SA,403,Eyre Peninsula,CropStubWindrowRemove,"54,399"
SA,403,Eyre Peninsula,CropStubSoil,"82,788"
SA,403,Eyre Peninsula,CropStubRetainGround,"409,309"
SA,403,Eyre Peninsula,CropStubRetainStand,"265,597"
SA,403,Eyre Peninsula,CropStubGraze,"315,363"
SA,403,Eyre Peninsula,CropStubOther,"33,394"
SA,403,Eyre Peninsula,SoilManTotal,"92,248"
SA,403,Eyre Peninsula,SoilManCompost,0
SA,403,Eyre Peninsula,SoilManGreen,0
SA,403,Eyre Peninsula,SoilManMulch,0
SA,403,Eyre Peninsula,SoilManLime,"11,644"
SA,403,Eyre Peninsula,SoilManGyp,"75,870"
SA,403,Eyre Peninsula,SoilMa0ou,0
SA,403,Eyre Peninsula,SoilManOther,0
SA,404,Kangaroo Island,TotalArea,"167,523"
SA,404,Kangaroo Island,LandUseNotAgri,"31,571"
SA,404,Kangaroo Island,LandUseAgri,"134,248"
SA,404,Kangaroo Island,LandUseCrops,"15,572"
SA,404,Kangaroo Island,LandUseGraze,"117,070"
SA,404,Kangaroo Island,LandUseForest,"1,589"
SA,404,Kangaroo Island,LandUseOther,17
SA,404,Kangaroo Island,CropStubTotal,"11,232"
SA,404,Kangaroo Island,CropStubCoolBurn,945
SA,404,Kangaroo Island,CropStubHotBurn,54
SA,404,Kangaroo Island,CropStubWindrowRemove,77
SA,404,Kangaroo Island,CropStubRetainGround,"5,893"
SA,404,Kangaroo Island,CropStubRetainStand,"1,181"
SA,404,Kangaroo Island,CropStubGraze,"3,082"
SA,404,Kangaroo Island,SoilManTotal,0
SA,404,Kangaroo Island,SoilManCompost,0
SA,404,Kangaroo Island,SoilManGreen,0
SA,404,Kangaroo Island,SoilManLime,"5,488"
SA,404,Kangaroo Island,SoilManGyp,0
SA,404,Kangaroo Island,SoilMa0ou,0
SA,404,Kangaroo Island,SoilManOther,"1,724"
SA,405,Northern and Yorke,TotalArea,"3,251,043"
SA,405,Northern and Yorke,LandUseNotAgri,"78,426"
SA,405,Northern and Yorke,LandUseAgri,"3,090,665"
SA,405,Northern and Yorke,LandUseCrops,"1,566,451"
SA,405,Northern and Yorke,LandUseGraze,"1,511,042"
SA,405,Northern and Yorke,LandUseForest,448
SA,405,Northern and Yorke,LandUseOther,"12,724"
SA,405,Northern and Yorke,CropStubTotal,"1,342,378"
SA,405,Northern and Yorke,CropStubCoolBurn,"73,854"
SA,405,Northern and Yorke,CropStubHotBurn,"30,539"
SA,405,Northern and Yorke,CropStubWindrowLeft,"5,060"
SA,405,Northern and Yorke,CropStubWindrowRemove,"16,292"
SA,405,Northern and Yorke,CropStubSoil,"60,599"
SA,405,Northern and Yorke,CropStubRetainGround,"604,249"
SA,405,Northern and Yorke,CropStubRetainStand,"264,199"
SA,405,Northern and Yorke,CropStubGraze,"247,355"
SA,405,Northern and Yorke,CropStubOther,"40,232"
SA,405,Northern and Yorke,SoilManTotal,"91,177"
SA,405,Northern and Yorke,SoilManCompost,"2,790"
SA,405,Northern and Yorke,SoilManGreen,0
SA,405,Northern and Yorke,SoilManMulch,130
SA,405,Northern and Yorke,SoilManLime,"10,129"
SA,405,Northern and Yorke,SoilManDolo,"1,371"
SA,405,Northern and Yorke,SoilManGyp,"52,623"
SA,405,Northern and Yorke,SoilManBio,0
SA,405,Northern and Yorke,SoilMa0ou,"22,034"
SA,405,Northern and Yorke,SoilManOther,0
SA,407,South Australian Murray Darling Basin,TotalArea,"3,743,890"
SA,407,South Australian Murray Darling Basin,LandUseNotAgri,"245,349"
SA,407,South Australian Murray Darling Basin,LandUseAgri,"3,371,335"
SA,407,South Australian Murray Darling Basin,LandUseCrops,"1,104,266"
SA,407,South Australian Murray Darling Basin,LandUseGraze,"2,250,539"
SA,407,South Australian Murray Darling Basin,LandUseForest,"1,649"
SA,407,South Australian Murray Darling Basin,LandUseOther,"14,881"
SA,407,South Australian Murray Darling Basin,CropStubTotal,"687,440"
SA,407,South Australian Murray Darling Basin,CropStubCoolBurn,"23,901"
SA,407,South Australian Murray Darling Basin,CropStubHotBurn,"17,333"
SA,407,South Australian Murray Darling Basin,CropStubWindrowLeft,"1,151"
SA,407,South Australian Murray Darling Basin,CropStubWindrowRemove,"6,087"
SA,407,South Australian Murray Darling Basin,CropStubSoil,"42,695"
SA,407,South Australian Murray Darling Basin,CropStubRetainGround,"192,700"
SA,407,South Australian Murray Darling Basin,CropStubRetainStand,"212,454"
SA,407,South Australian Murray Darling Basin,CropStubGraze,"185,589"
SA,407,South Australian Murray Darling Basin,CropStubOther,"5,531"
SA,407,South Australian Murray Darling Basin,SoilManTotal,"36,257"
SA,407,South Australian Murray Darling Basin,SoilManCompost,"6,714"
SA,407,South Australian Murray Darling Basin,SoilManGreen,"2,519"
SA,407,South Australian Murray Darling Basin,SoilManMulch,303
SA,407,South Australian Murray Darling Basin,SoilManLime,0
SA,407,South Australian Murray Darling Basin,SoilManDolo,0
SA,407,South Australian Murray Darling Basin,SoilManGyp,"12,724"
SA,407,South Australian Murray Darling Basin,SoilManBio,651
SA,407,South Australian Murray Darling Basin,SoilMa0ou,"5,743"
SA,407,South Australian Murray Darling Basin,SoilManOther,"4,707"
SA,408,South East,TotalArea,"1,768,172"
SA,408,South East,LandUseNotAgri,"128,966"
SA,408,South East,LandUseAgri,"1,614,806"
SA,408,South East,LandUseCrops,"291,935"
SA,408,South East,LandUseGraze,"1,316,441"
SA,408,South East,LandUseForest,"4,916"
SA,408,South East,LandUseOther,"1,513"
SA,408,South East,CropStubTotal,"206,818"
SA,408,South East,CropStubCoolBurn,"16,962"
SA,408,South East,CropStubHotBurn,"18,994"
SA,408,South East,CropStubWindrowRemove,"2,632"
SA,408,South East,CropStubSoil,"25,000"
SA,408,South East,CropStubRetainGround,"61,134"
SA,408,South East,CropStubRetainStand,"27,009"
SA,408,South East,CropStubGraze,"48,240"
SA,408,South East,CropStubOther,"6,848"
SA,408,South East,SoilManTotal,"79,022"
SA,408,South East,SoilManCompost,"9,064"
SA,408,South East,SoilManGreen,739
SA,408,South East,SoilManMulch,0
SA,408,South East,SoilManLime,"15,112"
SA,408,South East,SoilManDolo,995
SA,408,South East,SoilManGyp,"25,721"
SA,408,South East,SoilManBio,0
SA,408,South East,SoilMa0ou,"1,060"
SA,408,South East,SoilManOther,"25,586"
WA,9995,Western Australia,TotalArea,"83,770,447"
WA,9995,Western Australia,LandUseNotAgri,"2,860,411"
WA,9995,Western Australia,LandUseAgri,"79,609,836"
WA,9995,Western Australia,LandUseCrops,"9,704,222"
WA,9995,Western Australia,LandUseGraze,"69,800,153"
WA,9995,Western Australia,LandUseForest,"91,976"
WA,9995,Western Australia,LandUseOther,"13,485"
WA,9995,Western Australia,CropStubTotal,"6,430,354"
WA,9995,Western Australia,CropStubCoolBurn,"734,784"
WA,9995,Western Australia,CropStubHotBurn,"571,659"
WA,9995,Western Australia,CropStubWindrowLeft,"138,297"
WA,9995,Western Australia,CropStubWindrowRemove,"354,122"
WA,9995,Western Australia,CropStubSoil,"239,957"
WA,9995,Western Australia,CropStubRetainGround,"2,065,260"
WA,9995,Western Australia,CropStubRetainStand,"1,082,890"
WA,9995,Western Australia,CropStubGraze,"1,114,097"
WA,9995,Western Australia,CropStubOther,"129,288"
WA,9995,Western Australia,SoilManTotal,"1,662,723"
WA,9995,Western Australia,SoilManCompost,"11,142"
WA,9995,Western Australia,SoilManGreen,"3,902"
WA,9995,Western Australia,SoilManMulch,"1,243"
WA,9995,Western Australia,SoilManLime,"1,189,703"
WA,9995,Western Australia,SoilManDolo,"31,093"
WA,9995,Western Australia,SoilManGyp,"387,724"
WA,9995,Western Australia,SoilManBio,"1,370"
WA,9995,Western Australia,SoilMa0ou,"8,779"
WA,9995,Western Australia,SoilManOther,"27,768"
WA,501,Northern Agricultural,TotalArea,"4,119,565"
WA,501,Northern Agricultural,LandUseNotAgri,"531,189"
WA,501,Northern Agricultural,LandUseAgri,"3,518,668"
WA,501,Northern Agricultural,LandUseCrops,"2,553,090"
WA,501,Northern Agricultural,LandUseGraze,"954,909"
WA,501,Northern Agricultural,LandUseForest,"9,929"
WA,501,Northern Agricultural,LandUseOther,741
WA,501,Northern Agricultural,CropStubTotal,"1,797,320"
WA,501,Northern Agricultural,CropStubCoolBurn,"240,405"
WA,501,Northern Agricultural,CropStubHotBurn,"133,901"
WA,501,Northern Agricultural,CropStubWindrowLeft,"77,351"
WA,501,Northern Agricultural,CropStubWindrowRemove,"76,515"
WA,501,Northern Agricultural,CropStubSoil,"54,548"
WA,501,Northern Agricultural,CropStubRetainGround,"609,315"
WA,501,Northern Agricultural,CropStubRetainStand,"342,113"
WA,501,Northern Agricultural,CropStubGraze,"247,931"
WA,501,Northern Agricultural,CropStubOther,"15,240"
WA,501,Northern Agricultural,SoilManTotal,"537,675"
WA,501,Northern Agricultural,SoilManCompost,"4,022"
WA,501,Northern Agricultural,SoilManGreen,"1,073"
WA,501,Northern Agricultural,SoilManMulch,0
WA,501,Northern Agricultural,SoilManLime,"433,398"
WA,501,Northern Agricultural,SoilManDolo,"13,049"
WA,501,Northern Agricultural,SoilManGyp,"82,447"
WA,501,Northern Agricultural,SoilMa0ou,0
WA,501,Northern Agricultural,SoilManOther,"3,271"
WA,502,Peel-Harvey,TotalArea,"490,950"
WA,502,Peel-Harvey,LandUseNotAgri,"45,614"
WA,502,Peel-Harvey,LandUseAgri,"453,332"
WA,502,Peel-Harvey,LandUseCrops,"175,020"
WA,502,Peel-Harvey,LandUseGraze,"264,265"
WA,502,Peel-Harvey,LandUseForest,"10,295"
WA,502,Peel-Harvey,LandUseOther,"3,752"
WA,502,Peel-Harvey,CropStubTotal,"124,577"
WA,502,Peel-Harvey,CropStubCoolBurn,"14,957"
WA,502,Peel-Harvey,CropStubHotBurn,"19,850"
WA,502,Peel-Harvey,CropStubWindrowLeft,111
WA,502,Peel-Harvey,CropStubWindrowRemove,"7,775"
WA,502,Peel-Harvey,CropStubSoil,"4,220"
WA,502,Peel-Harvey,CropStubRetainGround,"20,414"
WA,502,Peel-Harvey,CropStubRetainStand,"13,752"
WA,502,Peel-Harvey,CropStubGraze,"34,767"
WA,502,Peel-Harvey,CropStubOther,"8,732"
WA,502,Peel-Harvey,SoilManTotal,"54,359"
WA,502,Peel-Harvey,SoilManCompost,183
WA,502,Peel-Harvey,SoilManGreen,0
WA,502,Peel-Harvey,SoilManMulch,0
WA,502,Peel-Harvey,SoilManLime,0
WA,502,Peel-Harvey,SoilManDolo,0
WA,502,Peel-Harvey,SoilManGyp,"2,006"
WA,502,Peel-Harvey,SoilMa0ou,0
WA,502,Peel-Harvey,SoilManOther,248
WA,503,Perth,TotalArea,"12,434"
WA,503,Perth,LandUseNotAgri,"4,839"
WA,503,Perth,LandUseAgri,"6,180"
WA,503,Perth,LandUseCrops,"2,654"
WA,503,Perth,LandUseGraze,"3,166"
WA,503,Perth,LandUseForest,10
WA,503,Perth,LandUseOther,351
WA,503,Perth,CropStubTotal,860
WA,503,Perth,CropStubHotBurn,680
WA,503,Perth,CropStubRetainGround,181
WA,503,Perth,SoilManTotal,758
WA,503,Perth,SoilManCompost,71
WA,503,Perth,SoilManGreen,0
WA,503,Perth,SoilManMulch,0
WA,503,Perth,SoilManLime,0
WA,503,Perth,SoilManDolo,0
WA,503,Perth,SoilManGyp,118
WA,503,Perth,SoilMa0ou,178
WA,503,Perth,SoilManOther,0
WA,504,Rangelands,TotalArea,"66,173,383"
WA,504,Rangelands,LandUseNotAgri,"821,549"
WA,504,Rangelands,LandUseAgri,"64,400,556"
WA,504,Rangelands,LandUseCrops,"15,052"
WA,504,Rangelands,LandUseGraze,"64,384,722"
WA,504,Rangelands,LandUseForest,776
WA,504,Rangelands,LandUseOther,6
WA,504,Rangelands,CropStubTotal,"6,665"
WA,504,Rangelands,CropStubCoolBurn,"1,768"
WA,504,Rangelands,CropStubHotBurn,"1,816"
WA,504,Rangelands,CropStubWindrowRemove,131
WA,504,Rangelands,CropStubSoil,"2,500"
WA,504,Rangelands,CropStubRetainGround,450
WA,504,Rangelands,SoilManTotal,"1,620"
WA,504,Rangelands,SoilManCompost,0
WA,504,Rangelands,SoilManMulch,0
WA,504,Rangelands,SoilManLime,0
WA,504,Rangelands,SoilManGyp,875
WA,504,Rangelands,SoilMa0ou,0
WA,504,Rangelands,SoilManOther,0
WA,505,South Coast,TotalArea,"3,320,572"
WA,505,South Coast,LandUseNotAgri,"472,758"
WA,505,South Coast,LandUseAgri,"2,776,892"
WA,505,South Coast,LandUseCrops,"1,791,497"
WA,505,South Coast,LandUseGraze,"952,178"
WA,505,South Coast,LandUseForest,"28,724"
WA,505,South Coast,LandUseOther,"4,493"
WA,505,South Coast,CropStubTotal,"1,244,616"
WA,505,South Coast,CropStubCoolBurn,"85,187"
WA,505,South Coast,CropStubHotBurn,"57,896"
WA,505,South Coast,CropStubWindrowLeft,"32,022"
WA,505,South Coast,CropStubWindrowRemove,"20,245"
WA,505,South Coast,CropStubSoil,"52,980"
WA,505,South Coast,CropStubRetainGround,"452,540"
WA,505,South Coast,CropStubRetainStand,"220,503"
WA,505,South Coast,CropStubGraze,"269,952"
WA,505,South Coast,CropStubOther,"53,291"
WA,505,South Coast,SoilManTotal,"320,692"
WA,505,South Coast,SoilManCompost,0
WA,505,South Coast,SoilManGreen,"1,743"
WA,505,South Coast,SoilManMulch,0
WA,505,South Coast,SoilManLime,"173,725"
WA,505,South Coast,SoilManDolo,"3,756"
WA,505,South Coast,SoilManGyp,"136,379"
WA,505,South Coast,SoilMa0ou,0
WA,505,South Coast,SoilManOther,"3,099"
WA,506,South West,TotalArea,"1,961,749"
WA,506,South West,LandUseNotAgri,"220,769"
WA,506,South West,LandUseAgri,"1,652,284"
WA,506,South West,LandUseCrops,"699,918"
WA,506,South West,LandUseGraze,"929,586"
WA,506,South West,LandUseForest,"21,678"
WA,506,South West,LandUseOther,"1,102"
WA,506,South West,CropStubTotal,"522,298"
WA,506,South West,CropStubCoolBurn,"110,323"
WA,506,South West,CropStubHotBurn,"66,236"
WA,506,South West,CropStubWindrowLeft,"2,999"
WA,506,South West,CropStubWindrowRemove,"30,796"
WA,506,South West,CropStubSoil,"22,726"
WA,506,South West,CropStubRetainGround,"99,445"
WA,506,South West,CropStubRetainStand,"57,346"
WA,506,South West,CropStubGraze,"107,309"
WA,506,South West,CropStubOther,"25,118"
WA,506,South West,SoilManTotal,"150,649"
WA,506,South West,SoilManCompost,"3,961"
WA,506,South West,SoilManGreen,404
WA,506,South West,SoilManMulch,"1,188"
WA,506,South West,SoilManLime,"114,129"
WA,506,South West,SoilManDolo,"5,777"
WA,506,South West,SoilManGyp,"14,076"
WA,506,South West,SoilManBio,"1,370"
WA,506,South West,SoilMa0ou,"2,073"
WA,506,South West,SoilManOther,"7,672"
WA,507,Wheatbelt,TotalArea,"7,691,794"
WA,507,Wheatbelt,LandUseNotAgri,"763,693"
WA,507,Wheatbelt,LandUseAgri,"6,801,924"
WA,507,Wheatbelt,LandUseCrops,"4,466,993"
WA,507,Wheatbelt,LandUseGraze,"2,311,328"
WA,507,Wheatbelt,LandUseForest,"20,564"
WA,507,Wheatbelt,LandUseOther,"3,040"
WA,507,Wheatbelt,CropStubTotal,"2,734,018"
WA,507,Wheatbelt,CropStubCoolBurn,"282,145"
WA,507,Wheatbelt,CropStubHotBurn,"291,281"
WA,507,Wheatbelt,CropStubWindrowLeft,"25,814"
WA,507,Wheatbelt,CropStubWindrowRemove,"218,659"
WA,507,Wheatbelt,CropStubSoil,"102,983"
WA,507,Wheatbelt,CropStubRetainGround,"882,915"
WA,507,Wheatbelt,CropStubRetainStand,"449,176"
WA,507,Wheatbelt,CropStubGraze,"454,138"
WA,507,Wheatbelt,CropStubOther,"26,906"
WA,507,Wheatbelt,SoilManTotal,"596,970"
WA,507,Wheatbelt,SoilManCompost,"2,556"
WA,507,Wheatbelt,SoilManGreen,0
WA,507,Wheatbelt,SoilManMulch,0
WA,507,Wheatbelt,SoilManLime,"418,095"
WA,507,Wheatbelt,SoilManDolo,"7,575"
WA,507,Wheatbelt,SoilManGyp,"151,824"
WA,507,Wheatbelt,SoilMa0ou,"2,976"
WA,507,Wheatbelt,SoilManOther,"13,301"
TAS,9996,Tasmania,TotalArea,"1,480,287"
TAS,9996,Tasmania,LandUseNotAgri,"208,304"
TAS,9996,Tasmania,LandUseAgri,"1,245,862"
TAS,9996,Tasmania,LandUseCrops,"100,857"
TAS,9996,Tasmania,LandUseGraze,"1,033,055"
TAS,9996,Tasmania,LandUseForest,"108,339"
TAS,9996,Tasmania,LandUseOther,"3,611"
TAS,9996,Tasmania,CropStubTotal,"29,713"
TAS,9996,Tasmania,CropStubCoolBurn,"4,996"
TAS,9996,Tasmania,CropStubHotBurn,"1,756"
TAS,9996,Tasmania,CropStubWindrowLeft,35
TAS,9996,Tasmania,CropStubWindrowRemove,"2,522"
TAS,9996,Tasmania,CropStubSoil,"10,469"
TAS,9996,Tasmania,CropStubRetainGround,"3,176"
TAS,9996,Tasmania,CropStubRetainStand,877
TAS,9996,Tasmania,CropStubGraze,"5,825"
TAS,9996,Tasmania,CropStubOther,58
TAS,9996,Tasmania,SoilManTotal,"120,973"
TAS,9996,Tasmania,SoilManCompost,"6,420"
TAS,9996,Tasmania,SoilManGreen,"1,414"
TAS,9996,Tasmania,SoilManMulch,0
TAS,9996,Tasmania,SoilManLime,"68,314"
TAS,9996,Tasmania,SoilManDolo,"32,778"
TAS,9996,Tasmania,SoilManGyp,"2,183"
TAS,9996,Tasmania,SoilManBio,0
TAS,9996,Tasmania,SoilMa0ou,"1,124"
TAS,9996,Tasmania,SoilManOther,"8,514"
TAS,601,Cradle Coast,TotalArea,"270,336"
TAS,601,Cradle Coast,LandUseNotAgri,"29,105"
TAS,601,Cradle Coast,LandUseAgri,"233,529"
TAS,601,Cradle Coast,LandUseCrops,"20,937"
TAS,601,Cradle Coast,LandUseGraze,"205,933"
TAS,601,Cradle Coast,LandUseForest,"6,314"
TAS,601,Cradle Coast,LandUseOther,346
TAS,601,Cradle Coast,CropStubTotal,"3,285"
TAS,601,Cradle Coast,CropStubCoolBurn,534
TAS,601,Cradle Coast,CropStubHotBurn,171
TAS,601,Cradle Coast,CropStubWindrowRemove,142
TAS,601,Cradle Coast,CropStubSoil,"1,992"
TAS,601,Cradle Coast,CropStubRetainGround,314
TAS,601,Cradle Coast,CropStubRetainStand,87
TAS,601,Cradle Coast,CropStubGraze,24
TAS,601,Cradle Coast,CropStubOther,20
TAS,601,Cradle Coast,SoilManTotal,"78,912"
TAS,601,Cradle Coast,SoilManCompost,"2,931"
TAS,601,Cradle Coast,SoilManGreen,"1,125"
TAS,601,Cradle Coast,SoilManMulch,0
TAS,601,Cradle Coast,SoilManLime,"45,814"
TAS,601,Cradle Coast,SoilManDolo,"25,562"
TAS,601,Cradle Coast,SoilManGyp,4
TAS,601,Cradle Coast,SoilMa0ou,0
TAS,601,Cradle Coast,SoilManOther,"3,134"
TAS,602,North,TotalArea,"686,790"
TAS,602,North,LandUseNotAgri,"111,470"
TAS,602,North,LandUseAgri,"568,787"
TAS,602,North,LandUseCrops,"57,792"
TAS,602,North,LandUseGraze,"461,851"
TAS,602,North,LandUseForest,"46,272"
TAS,602,North,LandUseOther,"2,872"
TAS,602,North,CropStubTotal,"20,889"
TAS,602,North,CropStubCoolBurn,"2,702"
TAS,602,North,CropStubHotBurn,"1,282"
TAS,602,North,CropStubWindrowLeft,17
TAS,602,North,CropStubWindrowRemove,"2,026"
TAS,602,North,CropStubSoil,"6,639"
TAS,602,North,CropStubRetainGround,"2,556"
TAS,602,North,CropStubRetainStand,666
TAS,602,North,CropStubGraze,"5,001"
TAS,602,North,SoilManTotal,"33,342"
TAS,602,North,SoilManCompost,"3,450"
TAS,602,North,SoilManGreen,284
TAS,602,North,SoilManMulch,0
TAS,602,North,SoilManLime,"18,484"
TAS,602,North,SoilManDolo,"6,202"
TAS,602,North,SoilManGyp,"1,652"
TAS,602,North,SoilMa0ou,0
TAS,602,North,SoilManOther,"3,024"
TAS,603,South,TotalArea,"523,161"
TAS,603,South,LandUseNotAgri,"67,729"
TAS,603,South,LandUseAgri,"443,546"
TAS,603,South,LandUseCrops,"22,129"
TAS,603,South,LandUseGraze,"365,271"
TAS,603,South,LandUseForest,"55,753"
TAS,603,South,LandUseOther,394
TAS,603,South,CropStubTotal,"5,539"
TAS,603,South,CropStubCoolBurn,"1,759"
TAS,603,South,CropStubHotBurn,303
TAS,603,South,CropStubWindrowLeft,18
TAS,603,South,CropStubWindrowRemove,354
TAS,603,South,CropStubSoil,"1,838"
TAS,603,South,CropStubRetainGround,306
TAS,603,South,CropStubRetainStand,123
TAS,603,South,CropStubGraze,800
TAS,603,South,CropStubOther,38
TAS,603,South,SoilManTotal,"8,718"
TAS,603,South,SoilManCompost,39
TAS,603,South,SoilManGreen,5
TAS,603,South,SoilManMulch,0
TAS,603,South,SoilManLime,"4,017"
TAS,603,South,SoilManDolo,"1,014"
TAS,603,South,SoilManGyp,527
TAS,603,South,SoilManBio,0
TAS,603,South,SoilMa0ou,690
TAS,603,South,SoilManOther,"2,356"
NT,9997,Northern Territory,TotalArea,"54,580,046"
NT,9997,Northern Territory,LandUseNotAgri,"3,153,928"
NT,9997,Northern Territory,LandUseAgri,"49,920,384"
NT,9997,Northern Territory,LandUseCrops,"20,576"
NT,9997,Northern Territory,LandUseGraze,"49,894,961"
NT,9997,Northern Territory,LandUseForest,"4,317"
NT,9997,Northern Territory,LandUseOther,529
NT,9997,Northern Territory,CropStubTotal,"1,309"
NT,9997,Northern Territory,CropStubSoil,71
NT,9997,Northern Territory,CropStubRetainGround,22
NT,9997,Northern Territory,CropStubGraze,"1,217"
NT,9997,Northern Territory,SoilManTotal,"8,511"
NT,9997,Northern Territory,SoilManCompost,77
NT,9997,Northern Territory,SoilManGreen,"1,290"
NT,9997,Northern Territory,SoilManMulch,0
NT,9997,Northern Territory,SoilManLime,651
NT,9997,Northern Territory,SoilManDolo,375
NT,9997,Northern Territory,SoilManGyp,"2,750"
NT,9997,Northern Territory,SoilManBio,0
NT,9997,Northern Territory,SoilMa0ou,316
NT,9997,Northern Territory,SoilManOther,"3,038"
NT,701,Northern Territory,TotalArea,"54,580,046"
NT,701,Northern Territory,LandUseNotAgri,"3,153,928"
NT,701,Northern Territory,LandUseAgri,"49,920,384"
NT,701,Northern Territory,LandUseCrops,"20,576"
NT,701,Northern Territory,LandUseGraze,"49,894,961"
NT,701,Northern Territory,LandUseForest,"4,317"
NT,701,Northern Territory,LandUseOther,529
NT,701,Northern Territory,CropStubTotal,"1,309"
NT,701,Northern Territory,CropStubSoil,71
NT,701,Northern Territory,CropStubRetainGround,22
NT,701,Northern Territory,CropStubGraze,"1,217"
NT,701,Northern Territory,SoilManTotal,"8,511"
NT,701,Northern Territory,SoilManCompost,77
NT,701,Northern Territory,SoilManGreen,"1,290"
NT,701,Northern Territory,SoilManMulch,0
NT,701,Northern Territory,SoilManLime,651
NT,701,Northern Territory,SoilManDolo,375
NT,701,Northern Territory,SoilManGyp,"2,750"
NT,701,Northern Territory,SoilManBio,0
NT,701,Northern Territory,SoilMa0ou,316
NT,701,Northern Territory,SoilManOther,"3,038"
